City_ID,City,Country,Date,Lat,Lng,Max Temp,Humidity,Cloudiness,Wind Speed
0,Kailua,US,2020-12-23 03:08:10,21.4,-157.74,82.4,65,20,8.05
1,Hilo,US,2020-12-23 03:08:10,19.73,-155.09,80.6,65,20,9.17
2,Longyearbyen,SJ,2020-12-23 03:08:11,78.22,15.64,24.8,79,40,44.96
3,Havelock,US,2020-12-23 03:08:11,34.88,-76.9,39.99,100,1,5.61
4,Codrington,AU,2020-12-23 03:08:11,-38.27,141.97,62.56,63,19,11.21
5,Asau,RO,2020-12-23 03:08:11,46.43,26.4,33.01,87,97,4.23
6,Kysyl-Syr,RU,2020-12-23 03:08:12,63.9,122.76,-45.09,77,86,0.85
7,Rikitea,PF,2020-12-23 03:08:12,-23.12,-134.97,77.81,67,9,7.52
8,Dikson,RU,2020-12-23 03:08:12,73.51,80.55,-31.61,82,0,11.56
9,Albany,US,2020-12-23 03:06:01,42.6,-73.97,35.6,69,90,16.11
10,Itaituba,BR,2020-12-23 03:08:13,-4.28,-55.98,76.86,85,100,0.78
11,Mataura,NZ,2020-12-23 03:08:13,-46.19,168.86,57.58,95,100,3.83
12,Te Anau,NZ,2020-12-23 03:08:13,-45.42,167.72,55.94,84,100,2.19
13,Tazovskiy,RU,2020-12-23 03:08:13,67.47,78.7,-32.42,84,99,2.1
14,Sarangani,PH,2020-12-23 03:08:13,5.4,125.46,84.06,72,73,18.88
15,Bambous Virieux,MU,2020-12-23 03:08:14,-20.34,57.76,79.0,78,40,12.75
16,Ushuaia,AR,2020-12-23 03:07:46,-54.8,-68.3,46.4,61,40,3.36
17,Nanortalik,GL,2020-12-23 03:08:14,60.14,-45.24,32.92,94,100,25.84
18,Skelleftea,SE,2020-12-23 03:08:14,64.75,20.95,37.4,93,100,10.29
19,Sitka,US,2020-12-23 03:04:08,57.05,-135.33,42.8,56,40,23.04
20,Casper,US,2020-12-23 03:08:15,42.87,-106.31,26.01,85,90,6.93
21,Bud,US,2020-12-23 03:08:15,39.45,-86.18,36.0,74,1,6.93
22,Georgetown,MY,2020-12-23 03:05:53,5.41,100.34,84.2,74,20,8.05
23,Qaanaaq,GL,2020-12-23 03:08:16,77.48,-69.36,1.87,70,5,9.51
24,Guerrero Negro,MX,2020-12-23 03:08:16,27.98,-114.06,59.49,69,0,9.01
25,Vaini,TO,2020-12-23 03:08:16,-21.2,-175.2,80.6,88,75,6.93
26,Vallenar,CL,2020-12-23 03:08:16,-28.57,-70.76,61.09,69,0,3.62
27,Umm Kaddadah,SD,2020-12-23 03:08:16,13.6,26.69,67.39,26,0,16.35
28,Kasongo-Lunda,CD,2020-12-23 03:08:17,-6.47,16.82,67.64,92,100,0.22
29,Kapaa,US,2020-12-23 03:08:17,22.08,-159.32,78.8,74,1,6.93
30,Tasiilaq,GL,2020-12-23 03:08:17,65.61,-37.64,19.4,62,0,2.24
31,Axim,GH,2020-12-23 03:08:18,4.87,-2.24,78.39,88,6,7.76
32,Srednekolymsk,RU,2020-12-23 03:08:18,67.45,153.68,-24.77,86,100,3.94
33,Half Moon Bay,US,2020-12-23 03:08:18,37.46,-122.43,51.01,81,1,12.75
34,Xining,CN,2020-12-23 03:08:19,36.62,101.77,21.0,64,0,2.91
35,Souillac,MU,2020-12-23 03:08:19,-20.52,57.52,77.0,78,40,12.75
36,Avdon,RU,2020-12-23 03:08:19,54.67,55.72,17.6,78,90,8.95
37,Atar,MR,2020-12-23 03:08:20,20.52,-13.05,60.24,34,1,14.27
38,Lleida,ES,2020-12-23 03:03:41,41.62,0.62,37.4,100,69,1.12
39,Kenora,CA,2020-12-23 03:08:20,49.82,-94.43,19.4,92,90,12.75
40,Airai,TL,2020-12-23 03:08:20,-8.93,125.41,63.3,100,100,2.95
41,Mabaruma,GY,2020-12-23 03:08:21,8.2,-59.78,72.91,98,95,3.47
42,East London,ZA,2020-12-23 03:08:21,-33.02,27.91,68.67,80,0,8.23
43,Fukue,JP,2020-12-23 03:08:21,32.69,128.84,55.4,58,75,4.7
44,Oistins,BB,2020-12-23 03:08:22,13.07,-59.53,80.6,69,40,21.92
45,Hermanus,ZA,2020-12-23 03:08:22,-34.42,19.23,64.0,96,47,12.12
46,Lieksa,FI,2020-12-23 03:08:22,63.32,30.02,34.45,93,100,11.23
47,Mahebourg,MU,2020-12-23 03:08:22,-20.41,57.7,77.0,78,40,12.75
48,Abonnema,NG,2020-12-23 03:08:22,4.71,6.79,76.91,91,0,4.97
49,Chake Chake,TZ,2020-12-23 03:08:23,-5.25,39.77,78.13,85,64,8.03
50,Kahului,US,2020-12-23 03:06:11,20.89,-156.47,82.4,61,40,17.22
51,Arman,RU,2020-12-23 03:08:23,59.7,150.17,-7.64,83,100,14.92
52,Soure,BR,2020-12-23 03:08:23,-0.72,-48.52,79.52,80,95,8.77
53,Bengkulu,ID,2020-12-23 03:08:24,-3.8,102.27,84.96,61,6,2.08
54,Iskateley,RU,2020-12-23 03:08:24,67.68,53.15,-19.34,84,70,10.07
55,Avarua,CK,2020-12-23 03:06:20,-21.21,-159.78,78.8,74,87,3.36
56,Puerto Ayacucho,VE,2020-12-23 03:08:24,5.66,-67.62,76.08,89,83,2.15
57,Vardo,NO,2020-12-23 03:08:24,70.37,31.11,34.03,89,100,15.73
58,Nikolskoye,RU,2020-12-23 03:08:25,59.7,30.79,33.01,95,90,8.95
59,Norman Wells,CA,2020-12-23 03:06:03,65.28,-126.83,-14.8,75,20,5.82
60,Jamestown,US,2020-12-23 03:08:25,42.1,-79.24,32.0,92,90,6.93
61,Veinticinco De Mayo,AR,2020-12-23 03:08:25,-35.43,-60.17,73.99,45,0,3.0
62,Riyadh,SA,2020-12-23 03:06:41,24.69,46.72,53.6,54,0,4.7
63,Narsaq,GL,2020-12-23 03:08:26,60.92,-46.05,33.8,50,100,5.82
64,Severo-Kurilsk,RU,2020-12-23 03:08:26,50.68,156.12,21.16,88,95,25.79
65,Buraydah,SA,2020-12-23 03:08:26,26.33,43.98,55.4,87,40,5.82
66,Hithadhoo,MV,2020-12-23 03:04:07,-0.6,73.08,82.53,79,100,20.02
67,Busselton,AU,2020-12-23 03:08:27,-33.65,115.33,86.0,41,0,4.0
68,San Patricio,US,2020-12-23 03:08:27,28.02,-97.52,68.0,82,90,12.75
69,Kiunga,PG,2020-12-23 03:08:27,-6.12,141.29,96.64,44,8,1.77
70,Punta Arenas,CL,2020-12-23 03:08:27,-53.15,-70.92,46.4,65,100,10.29
71,Tura,IN,2020-12-23 03:08:27,25.52,90.22,67.64,58,0,1.5
72,Bo Phloi,TH,2020-12-23 03:08:28,14.32,99.52,75.7,55,68,8.75
73,Puerto Ayora,EC,2020-12-23 03:05:42,-0.74,-90.35,71.01,94,17,6.29
74,Barrow,US,2020-12-23 03:05:11,71.29,-156.79,-9.4,69,1,25.28
75,Severodvinsk,RU,2020-12-23 03:08:28,64.56,39.83,33.8,100,90,4.47
76,Necochea,AR,2020-12-23 03:08:29,-38.55,-58.74,73.99,56,100,12.08
77,Kruisfontein,ZA,2020-12-23 03:08:29,-34.0,24.73,69.01,93,100,8.66
78,Loukhi,RU,2020-12-23 03:08:29,66.08,33.04,32.41,96,100,4.32
79,Araouane,ML,2020-12-23 03:08:29,18.9,-3.53,57.25,40,0,12.62
80,Labuhan,ID,2020-12-23 03:08:29,-6.88,112.21,84.67,71,88,11.34
81,Sovetskaya,RU,2020-12-23 03:08:30,44.78,41.17,30.31,96,96,7.2
82,Acapulco,MX,2020-12-23 03:08:30,16.86,-99.89,80.6,74,20,5.82
83,Saint George,US,2020-12-23 03:05:25,37.1,-113.58,55.4,20,1,5.82
84,Haines Junction,CA,2020-12-23 03:08:31,60.75,-137.51,18.91,93,100,5.19
85,Gbarnga,LR,2020-12-23 03:08:31,7.0,-9.47,66.56,81,57,2.13
86,Kavaratti,IN,2020-12-23 03:08:31,10.57,72.64,81.36,73,11,11.86
87,Humberto De Campos,BR,2020-12-23 03:08:31,-2.6,-43.46,77.13,83,11,4.88
88,Torbay,CA,2020-12-23 03:08:31,47.67,-52.73,41.0,80,90,25.28
89,Mudanjiang,CN,2020-12-23 03:08:32,44.58,129.6,25.97,94,100,7.54
90,Hobart,AU,2020-12-23 03:07:52,-42.88,147.33,69.8,40,40,18.34
91,Port Lincoln,AU,2020-12-23 03:06:54,-34.73,135.87,63.39,56,43,10.04
92,Leningradskiy,RU,2020-12-23 03:08:32,69.38,178.42,-7.49,90,100,12.15
93,Katangli,RU,2020-12-23 03:08:33,51.71,143.23,4.35,75,0,14.85
94,Kaitangata,NZ,2020-12-23 03:08:33,-46.28,169.85,59.0,94,99,8.99
95,Provideniya,RU,2020-12-23 03:08:33,64.38,-173.3,23.0,92,90,24.61
96,Chenzhou,CN,2020-12-23 03:08:33,25.8,113.03,48.76,69,94,3.2
97,Leshukonskoye,RU,2020-12-23 03:08:33,64.9,45.76,33.04,96,100,6.96
98,Yellowknife,CA,2020-12-23 03:08:34,62.46,-114.35,-14.01,75,90,6.93
99,Shashi,CN,2020-12-23 03:08:34,30.31,112.24,51.01,59,1,4.16
100,Dunmore Town,BS,2020-12-23 03:08:34,25.5,-76.65,73.08,67,14,18.57
101,Butaritari,KI,2020-12-23 03:08:34,3.07,172.79,81.09,78,0,16.58
102,Yerbogachen,RU,2020-12-23 03:08:35,61.28,108.01,-12.21,89,97,3.53
103,Cape Town,ZA,2020-12-23 03:04:56,-33.93,18.42,66.99,82,0,2.24
104,Grand Island,US,2020-12-23 03:08:35,40.92,-98.34,50.0,46,1,19.46
105,Pombas,CV,2020-12-23 03:08:35,17.15,-25.02,69.8,68,20,18.34
106,Tonj,SS,2020-12-23 03:08:35,7.27,28.68,72.99,38,100,1.01
107,Port Alfred,ZA,2020-12-23 03:08:36,-33.59,26.89,68.0,93,23,7.31
108,Da Nang,VN,2020-12-23 03:08:36,16.07,108.22,73.4,69,75,1.12
109,Umea,SE,2020-12-23 03:08:36,63.83,20.26,37.4,93,90,14.99
110,Gemena,CD,2020-12-23 03:08:36,3.25,19.77,70.07,56,60,1.05
111,Lebu,CL,2020-12-23 03:08:36,-37.62,-73.65,56.44,85,0,17.87
112,Baguanos,CU,2020-12-23 03:08:37,20.75,-76.03,75.2,88,20,8.05
113,Makarov,RU,2020-12-23 03:08:37,48.63,142.8,21.11,80,10,6.06
114,Nome,US,2020-12-23 03:04:03,64.5,-165.41,30.99,92,90,24.16
115,Khanapur,IN,2020-12-23 03:08:37,15.63,74.52,62.6,67,6,4.7
116,Xuddur,SO,2020-12-23 03:08:38,4.12,43.89,71.53,75,38,16.93
117,Maceio,BR,2020-12-23 03:08:38,-9.67,-35.74,73.4,94,20,3.36
118,Adana,TR,2020-12-23 03:08:28,36.98,35.29,50.0,66,40,5.82
119,Angola,AO,2020-12-23 03:08:38,-12.5,18.5,60.44,94,86,2.86
120,Seybaplaya,MX,2020-12-23 03:08:39,19.65,-90.67,74.66,82,50,9.19
121,Bredasdorp,ZA,2020-12-23 03:05:47,-34.53,20.04,66.2,88,74,4.7
122,Can,TR,2020-12-23 03:08:39,40.03,27.05,43.0,80,40,6.93
123,Khatanga,RU,2020-12-23 03:08:39,71.97,102.5,-23.57,83,94,12.03
124,Mareeba,AU,2020-12-23 03:08:40,-17.0,145.43,93.99,59,100,10.29
125,Estelle,US,2020-12-23 03:04:06,29.85,-90.11,55.99,84,0,5.88
126,Bethel,US,2020-12-23 03:08:40,41.37,-73.41,39.2,51,1,9.17
127,Teguise,ES,2020-12-23 03:08:40,29.06,-13.56,62.6,59,0,8.05
128,Pevek,RU,2020-12-23 03:08:40,69.7,170.31,-8.88,88,100,14.7
129,Atuona,PF,2020-12-23 03:08:41,-9.8,-139.03,78.73,78,75,15.77
130,Mar Del Plata,AR,2020-12-23 03:08:41,-38.0,-57.56,77.0,44,0,16.11
131,Aban,RU,2020-12-23 03:08:41,56.67,96.06,-1.8,90,100,8.75
132,Orumiyeh,IR,2020-12-23 03:08:42,37.55,45.08,28.4,92,75,4.7
133,Taos,US,2020-12-23 03:08:20,36.41,-105.57,35.6,51,1,24.16
134,Shitanjing,CN,2020-12-23 03:08:42,39.23,106.34,20.73,74,0,11.18
135,Culebra,PR,2020-12-23 03:08:42,18.3,-65.3,78.8,69,75,9.17
136,Sokoto,NG,2020-12-23 03:08:43,13.06,5.24,70.92,22,100,7.63
137,Victoria,HK,2020-12-23 03:04:59,22.29,114.16,66.0,76,91,1.01
138,Sakaraha,MG,2020-12-23 03:08:43,-22.9,44.53,74.12,77,3,4.59
139,Nanakuli,US,2020-12-23 03:08:44,21.39,-158.15,82.4,54,75,8.05
140,Marzuq,YE,2020-12-23 03:08:44,14.4,46.47,54.88,51,0,2.53
141,Yar-Sale,RU,2020-12-23 03:08:44,66.83,70.83,-31.49,84,49,4.99
142,Umm Lajj,SA,2020-12-23 03:08:44,25.02,37.27,73.96,63,0,8.63
143,Lasa,IT,2020-12-23 03:08:44,46.62,10.7,33.8,55,5,6.93
144,Aklavik,CA,2020-12-23 03:08:45,68.22,-135.01,-13.0,75,54,9.17
145,Cidreira,BR,2020-12-23 03:08:45,-30.18,-50.21,67.03,71,0,8.28
146,Valparaiso,CL,2020-12-23 03:08:45,-33.04,-71.63,57.2,93,90,2.24
147,Bluff,NZ,2020-12-23 03:08:45,-46.6,168.33,54.7,94,100,13.42
148,Arecibo,PR,2020-12-23 03:04:45,18.47,-66.72,73.99,89,1,10.16
149,Maldonado,UY,2020-12-23 03:08:46,-34.67,-54.92,64.0,63,0,3.36
150,Seoul,KR,2020-12-23 03:04:48,37.57,126.98,42.8,81,90,3.67
151,Vanavara,RU,2020-12-23 03:08:46,60.34,102.28,-5.24,91,100,3.04
152,Esperance,AU,2020-12-23 03:08:46,-33.87,121.9,75.2,36,0,10.29
153,Talnakh,RU,2020-12-23 03:08:47,69.49,88.4,-40.0,65,40,6.71
154,Ponta Delgada,PT,2020-12-23 03:04:33,37.73,-25.67,53.6,81,40,13.87
155,Zaraza,VE,2020-12-23 03:08:47,9.35,-65.32,73.78,91,63,5.39
156,Coquimbo,CL,2020-12-23 03:06:37,-29.95,-71.34,57.2,87,90,3.36
157,Almaznyy,RU,2020-12-23 03:08:48,48.04,40.05,19.4,92,75,15.66
158,Hasaki,JP,2020-12-23 03:08:48,35.73,140.83,55.0,46,20,8.05
159,Iquitos,PE,2020-12-23 03:08:49,-3.75,-73.25,75.2,94,75,6.93
160,Kudahuvadhoo,MV,2020-12-23 03:08:49,2.67,72.89,82.27,79,98,18.86
161,Grindavik,IS,2020-12-23 03:08:49,63.84,-22.43,35.6,69,75,12.75
162,Balkhash,KZ,2020-12-23 03:08:49,46.84,74.98,-0.27,88,0,5.12
163,Roebourne,AU,2020-12-23 03:08:49,-20.78,117.13,96.03,18,13,13.67
164,Castro,BR,2020-12-23 03:08:50,-24.79,-50.01,61.61,95,57,9.37
165,Constitucion,CL,2020-12-23 03:08:50,-35.33,-72.42,62.64,57,0,12.1
166,Alpena,US,2020-12-23 03:08:50,45.06,-83.43,30.2,80,75,8.05
167,Arraial Do Cabo,BR,2020-12-23 03:08:50,-22.97,-42.03,74.35,93,100,14.12
168,Port Shepstone,ZA,2020-12-23 03:08:51,-30.74,30.45,71.44,78,100,6.24
169,Alekseyevskoye,RU,2020-12-23 03:08:51,55.31,50.11,21.2,92,90,8.95
170,Emerald,AU,2020-12-23 03:08:51,-23.53,148.17,82.4,54,90,14.99
171,Beringovskiy,RU,2020-12-23 03:08:51,63.05,179.32,-18.04,86,64,16.91
172,Hobyo,SO,2020-12-23 03:08:52,5.35,48.53,76.42,75,49,20.58
173,Chokurdakh,RU,2020-12-23 03:08:52,70.63,147.92,-16.76,89,100,6.67
174,Alice Springs,AU,2020-12-23 03:08:52,-23.7,133.88,62.6,88,90,19.46
175,Klaksvik,FO,2020-12-23 03:08:52,62.23,-6.59,35.6,69,100,14.99
176,Ribeira Grande,PT,2020-12-23 03:08:53,38.52,-28.7,56.1,66,21,21.94
177,Durban,ZA,2020-12-23 03:08:53,-29.86,31.03,73.99,88,90,9.17
178,Thompson,CA,2020-12-23 03:08:53,55.74,-97.86,-16.6,68,20,8.05
179,Yurga,RU,2020-12-23 03:04:30,55.72,84.89,-5.48,92,85,5.66
180,New Norfolk,AU,2020-12-23 03:08:53,-42.78,147.06,69.8,40,40,18.34
181,Truro,GB,2020-12-23 03:08:54,50.27,-5.05,53.6,100,71,11.41
182,Petropavlovka,RU,2020-12-23 03:08:54,50.61,105.32,2.1,89,69,4.47
183,Upernavik,GL,2020-12-23 03:08:54,72.79,-56.15,21.96,92,100,18.34
184,Roma,US,2020-12-23 03:08:54,43.21,-75.46,33.8,59,90,20.8
185,Mariental,NA,2020-12-23 03:08:55,-24.63,17.97,73.4,60,22,4.7
186,Nyrob,RU,2020-12-23 03:08:55,60.73,56.72,28.04,97,98,9.98
187,The Pas,CA,2020-12-23 03:04:07,53.83,-101.25,-4.0,70,90,10.29
188,North Battleford,CA,2020-12-23 03:08:55,52.78,-108.28,6.8,77,90,12.75
189,Kungsbacka,SE,2020-12-23 03:08:56,57.49,12.08,44.01,93,75,16.11
190,Nepomuceno,BR,2020-12-23 03:08:56,-21.24,-45.24,68.07,92,100,8.99
191,Malanje,AO,2020-12-23 03:08:56,-9.54,16.34,61.11,99,100,3.29
192,Fort Nelson,CA,2020-12-23 03:08:56,58.81,-122.7,-13.0,75,75,4.7
193,Porto Novo,BJ,2020-12-23 03:07:07,6.5,2.6,78.48,88,27,4.43
194,Carnarvon,AU,2020-12-23 03:08:57,-24.87,113.63,91.4,52,0,11.41
195,Juneau,US,2020-12-23 03:04:03,58.3,-134.42,37.4,74,90,25.28
196,El Paso,US,2020-12-23 03:08:57,31.8,-106.2,57.2,22,40,8.05
197,Honiara,SB,2020-12-23 03:08:57,-9.43,159.95,86.0,79,40,11.41
198,Carutapera,BR,2020-12-23 03:08:58,-1.2,-46.02,77.72,81,28,5.06
199,Saint-Augustin,CA,2020-12-23 03:08:58,51.23,-58.65,29.07,97,100,24.4
200,La Rioja,ES,2020-12-23 03:06:34,42.25,-2.5,42.8,100,90,4.7
201,Kirakira,SB,2020-12-23 03:08:58,-10.45,161.92,83.93,73,77,0.36
202,Port-Gentil,GA,2020-12-23 03:08:59,-0.72,8.78,78.76,83,49,8.55
203,Dargaville,NZ,2020-12-23 03:08:59,-35.93,173.88,72.3,65,99,6.62
204,Hokitika,NZ,2020-12-23 03:08:59,-42.72,170.97,56.41,90,100,6.02
205,Batemans Bay,AU,2020-12-23 03:08:59,-35.72,150.18,70.0,60,17,1.99
206,Saskylakh,RU,2020-12-23 03:09:00,71.92,114.08,-20.51,85,100,6.08
207,Ulaangom,MN,2020-12-23 03:09:00,49.98,92.07,-8.88,86,100,1.05
208,Charlottesville,US,2020-12-23 03:04:57,38.03,-78.48,42.8,48,1,3.36
209,Saint-Philippe,RE,2020-12-23 03:09:01,-21.36,55.77,78.8,74,40,13.87
210,Anadyr,RU,2020-12-23 03:09:01,64.75,177.48,-14.01,75,40,6.71
211,Rehoboth,NA,2020-12-23 03:09:01,-23.32,17.08,68.7,58,31,5.08
212,Mbaiki,CF,2020-12-23 03:09:01,3.87,17.99,68.97,48,96,2.35
213,Altoona,US,2020-12-23 03:09:02,40.52,-78.39,35.6,74,90,8.05
214,Yebaishou,CN,2020-12-23 03:09:02,41.4,119.64,25.2,86,0,13.15
215,Garowe,SO,2020-12-23 03:09:02,8.41,48.48,65.66,72,8,11.83
216,Chara,RU,2020-12-23 03:09:03,56.91,118.26,-7.02,77,99,0.63
217,Trapani,IT,2020-12-23 03:09:03,37.83,12.67,55.99,81,20,6.93
218,Jalu,LY,2020-12-23 03:09:03,29.03,21.55,51.62,79,0,7.05
219,Barra,BR,2020-12-23 03:09:03,-11.09,-43.14,76.78,65,100,0.43
220,Saint-Lo,FR,2020-12-23 03:09:04,49.12,-1.09,55.4,87,75,10.29
221,Saldanha,ZA,2020-12-23 03:09:04,-33.01,17.94,64.4,88,9,8.05
222,Chuy,UY,2020-12-23 03:09:04,-33.7,-53.46,56.98,89,0,5.23
223,Auxerre,FR,2020-12-23 03:09:04,47.8,3.57,55.99,82,100,10.31
224,Fortuna,US,2020-12-23 03:09:04,40.6,-124.16,46.0,81,1,5.82
225,Kapoeta,SS,2020-12-23 03:04:54,4.77,33.59,78.49,48,1,10.54
226,Nuevo Progreso,MX,2020-12-23 03:09:05,23.17,-97.95,73.0,64,64,1.01
227,Kaspiysk,RU,2020-12-23 03:09:05,42.88,47.64,41.0,93,90,11.18
228,Songjianghe,CN,2020-12-23 03:09:05,42.19,127.48,28.62,89,100,14.58
229,Kindu,CD,2020-12-23 03:09:06,-2.95,25.95,68.77,97,100,0.18
230,Tra Vinh,VN,2020-12-23 03:09:06,9.93,106.35,67.93,94,100,7.74
231,Laplace,US,2020-12-23 03:09:06,30.07,-90.48,55.0,71,1,3.36
232,Sibolga,ID,2020-12-23 03:09:06,1.74,98.78,85.3,64,74,2.35
233,Kodiak,US,2020-12-23 03:09:07,57.79,-152.41,39.2,60,1,13.87
234,Eureka,US,2020-12-23 03:09:07,40.8,-124.16,46.0,83,55,9.42
235,Mitsamiouli,KM,2020-12-23 03:09:07,-11.38,43.28,81.54,73,4,5.59
236,Flin Flon,CA,2020-12-23 03:09:08,54.77,-101.86,-20.63,86,66,6.08
237,Didsbury,GB,2020-12-23 03:09:08,53.42,-2.23,42.01,93,90,6.93
238,Oranjemund,NA,2020-12-23 03:09:08,-28.55,16.43,63.05,86,17,8.99
239,Fairlie,GB,2020-12-23 03:09:08,55.76,-4.86,37.0,94,100,4.45
240,Emporia,US,2020-12-23 03:07:32,38.4,-96.18,55.4,54,1,23.04
241,Carballo,ES,2020-12-23 03:09:09,43.21,-8.69,55.4,93,90,6.93
242,Smolensk,RU,2020-12-23 03:09:09,55.0,33.0,24.58,96,100,12.19
243,Cayenne,GF,2020-12-23 03:09:09,4.93,-52.33,77.0,100,20,4.7
244,Tiksi,RU,2020-12-23 03:09:10,71.69,128.87,-17.16,89,100,5.57
245,Gazojak,TM,2020-12-23 03:09:10,41.19,61.4,22.23,78,0,5.28
246,Praia,CV,2020-12-23 03:09:10,14.92,-23.51,69.8,83,20,9.17
247,Tuktoyaktuk,CA,2020-12-23 03:09:10,69.45,-133.04,-22.0,74,20,14.99
248,Banda Aceh,ID,2020-12-23 03:09:11,5.56,95.32,81.9,73,95,11.14
249,Kavieng,PG,2020-12-23 03:09:11,-2.57,150.8,84.4,71,98,12.5
250,Port Elizabeth,ZA,2020-12-23 03:09:11,-33.92,25.57,69.8,94,90,8.05
251,Sola,VU,2020-12-23 03:09:11,-13.88,167.55,82.8,77,30,9.04
252,Elizabeth City,US,2020-12-23 03:08:16,36.29,-76.25,37.4,71,1,3.36
253,Qaqortoq,GL,2020-12-23 03:09:12,60.72,-46.03,33.8,50,100,5.82
254,Coihaique,CL,2020-12-23 03:09:12,-45.58,-72.07,53.6,66,20,8.05
255,Los Algarrobos,PA,2020-12-23 03:09:13,8.5,-82.43,73.42,80,62,2.62
256,Acobamba,PE,2020-12-23 03:09:13,-11.35,-75.66,52.11,71,100,1.59
257,Lompoc,US,2020-12-23 03:09:13,34.64,-120.46,51.8,87,40,3.71
258,Great Falls,US,2020-12-23 03:09:13,47.5,-111.3,23.0,79,90,13.87
259,Barstow,US,2020-12-23 03:07:25,34.9,-117.02,59.0,10,1,9.17
260,Kladanj,BA,2020-12-23 03:09:14,44.23,18.69,37.4,100,90,3.36
261,Namibe,AO,2020-12-23 03:06:29,-15.2,12.15,68.41,81,33,2.51
262,Granville,AU,2020-12-23 03:09:15,-33.83,151.02,79.0,49,71,3.0
263,Saint-Georges,GD,2020-12-23 03:08:08,12.06,-61.75,78.8,83,20,6.93
264,Iqaluit,CA,2020-12-23 03:09:15,63.75,-68.51,-5.8,63,20,3.36
265,Salalah,OM,2020-12-23 03:04:17,17.02,54.09,73.4,40,0,17.22
266,Grand-Santi,GF,2020-12-23 03:09:15,4.25,-54.38,73.11,96,100,3.71
267,Tiarei,PF,2020-12-23 03:09:16,-17.53,-149.33,75.2,83,75,11.41
268,Concepcion Del Uruguay,AR,2020-12-23 03:09:16,-32.48,-58.24,71.01,64,0,7.58
269,Praia Da Vitoria,PT,2020-12-23 03:09:16,38.73,-27.07,55.4,66,75,21.07
270,Murwara,IN,2020-12-23 03:09:16,23.85,80.4,59.41,40,90,2.24
271,Vostok,RU,2020-12-23 03:09:17,46.49,135.88,15.01,94,89,2.86
272,Phalodi,IN,2020-12-23 03:09:17,27.13,72.37,58.87,31,0,8.28
273,Denpasar,ID,2020-12-23 03:04:32,-8.65,115.22,86.0,74,40,13.87
274,Formosa Do Rio Preto,BR,2020-12-23 03:09:17,-11.05,-45.19,70.12,90,100,3.04
275,Yamada,JP,2020-12-23 03:09:17,39.47,141.95,44.91,67,23,7.65
276,Faanui,PF,2020-12-23 03:09:18,-16.48,-151.75,81.59,67,85,6.44
277,Rudbar,AF,2020-12-23 03:06:15,30.15,62.6,42.42,62,0,1.1
278,Santa Vitoria Do Palmar,BR,2020-12-23 03:09:18,-33.52,-53.37,58.28,89,0,5.39
279,Walvis Bay,NA,2020-12-23 03:09:18,-22.96,14.51,66.0,88,0,1.12
280,Tarija,BO,2020-12-23 03:09:19,-21.54,-64.73,63.61,65,2,1.52
281,Lima,PE,2020-12-23 03:06:35,-12.04,-77.03,68.0,82,20,16.11
282,Vangaindrano,MG,2020-12-23 03:06:18,-23.35,47.6,74.01,87,0,3.49
283,Huaihua,CN,2020-12-23 03:09:03,27.55,109.96,48.31,60,100,0.63
284,Rio Grande,BR,2020-12-23 03:07:45,-32.03,-52.1,65.61,82,0,10.74
285,Kulhudhuffushi,MV,2020-12-23 03:09:20,6.62,73.07,81.46,81,71,19.13
286,Moranbah,AU,2020-12-23 03:09:20,-22.0,148.05,90.81,45,70,10.49
287,Vestmannaeyjar,IS,2020-12-23 03:09:20,63.44,-20.27,34.09,88,36,14.41
288,Sekoma,BW,2020-12-23 03:09:21,-24.4,23.88,73.44,80,100,3.53
289,Luau,AO,2020-12-23 03:05:13,-10.71,22.22,64.36,99,100,2.46
290,Cabo San Lucas,MX,2020-12-23 03:09:21,22.89,-109.91,68.0,77,20,3.36
291,Boyolangu,ID,2020-12-23 03:09:21,-8.12,111.89,83.75,66,25,9.01
292,Okahandja,NA,2020-12-23 03:09:22,-21.98,16.92,68.0,56,89,4.7
293,Opuwo,NA,2020-12-23 03:09:22,-18.06,13.84,68.27,39,93,4.27
294,Katsuura,JP,2020-12-23 03:09:22,35.13,140.3,54.0,57,0,3.36
295,Harper,LR,2020-12-23 03:09:22,4.38,-7.72,78.1,86,69,10.56
296,Qasigiannguit,GL,2020-12-23 03:09:22,68.82,-51.19,23.0,79,43,6.93
297,Southbridge,US,2020-12-23 03:07:44,42.08,-72.03,39.2,51,40,21.92
298,Tricase,IT,2020-12-23 03:09:23,39.93,18.36,42.8,100,75,2.24
299,Bardiyah,LY,2020-12-23 03:09:23,31.76,25.09,59.32,74,57,9.01
300,Eenhana,NA,2020-12-23 03:09:23,-17.47,16.33,77.0,38,90,8.05
301,Paita,PE,2020-12-23 03:09:24,-5.09,-81.11,68.83,79,99,11.3
302,Luis Correia,BR,2020-12-23 03:09:24,-2.88,-41.67,79.45,77,11,10.87
303,Gouyave,GD,2020-12-23 03:09:24,12.16,-61.73,78.8,83,20,6.93
304,Kaeo,NZ,2020-12-23 03:09:24,-35.1,173.78,72.34,62,100,8.93
305,Chihuahua,MX,2020-12-23 03:09:25,28.5,-106.0,54.0,23,5,4.7
306,Biak,ID,2020-12-23 03:09:25,-0.91,122.88,84.72,67,96,2.48
307,Luderitz,NA,2020-12-23 03:09:25,-26.65,15.16,60.8,93,0,9.64
308,Tutoia,BR,2020-12-23 03:09:25,-2.76,-42.27,80.13,76,10,10.74
309,Shimoda,JP,2020-12-23 03:09:25,34.67,138.95,55.4,50,20,9.17
310,Naze,JP,2020-12-23 03:09:26,28.37,129.48,68.0,56,20,12.75
311,Hede,CN,2020-12-23 03:09:26,33.77,120.25,50.86,61,67,8.37
312,Doka,SD,2020-12-23 03:09:26,13.52,35.77,71.19,53,2,10.25
313,Payo,ID,2020-12-23 03:09:26,-3.75,103.64,86.63,64,75,2.98
314,Pacifica,US,2020-12-23 03:08:51,37.61,-122.49,53.6,58,20,8.05
315,Mantua,IT,2020-12-23 03:07:59,45.17,10.78,48.0,96,87,0.74
316,Bubaque,GW,2020-12-23 03:09:27,11.28,-15.83,80.04,65,97,7.54
317,Quatre Cocos,MU,2020-12-23 03:09:27,-20.21,57.76,79.0,78,40,12.75
318,Ixtapa,MX,2020-12-23 03:09:28,20.7,-105.2,70.0,94,20,2.04
319,Rocha,UY,2020-12-23 03:09:28,-34.48,-54.33,53.33,87,0,6.73
320,Singkang,MY,2020-12-23 03:09:28,2.1,102.8,80.6,88,20,2.24
321,Quelimane,MZ,2020-12-23 03:09:28,-17.88,36.89,84.2,83,0,5.82
322,Abu Zabad,SD,2020-12-23 03:09:29,12.35,29.25,69.67,26,8,10.8
323,Bonthe,SL,2020-12-23 03:09:29,7.53,-12.51,78.4,84,63,4.38
324,Akcakoca,TR,2020-12-23 03:09:29,41.09,31.12,41.27,75,98,0.49
325,Camapua,BR,2020-12-23 03:09:29,-19.53,-54.04,75.76,82,62,4.85
326,Chapais,CA,2020-12-23 03:09:29,49.78,-74.85,5.0,77,90,10.29
327,Ugoofaaru,MV,2020-12-23 03:09:30,5.67,73.0,81.63,80,48,17.58
328,Naryan-Mar,RU,2020-12-23 03:09:30,67.67,53.09,-19.16,84,72,10.31
329,Marienburg,PL,2020-12-23 03:09:30,54.04,19.03,41.0,100,100,9.64
330,Calama,CL,2020-12-23 03:06:24,-22.47,-68.93,59.0,45,0,13.87
331,Pandharpur,IN,2020-12-23 03:09:31,17.67,75.33,65.48,58,62,9.31
332,Hermosillo,MX,2020-12-23 03:04:40,29.07,-110.97,68.0,31,20,3.15
333,Tautira,PF,2020-12-23 03:09:31,-17.73,-149.15,75.2,83,75,11.41
334,Kletnya,RU,2020-12-23 03:09:32,53.39,33.22,19.4,92,20,11.18
335,Cartagena,CO,2020-12-23 03:08:23,10.4,-75.51,80.6,88,0,8.05
336,Wajir,KE,2020-12-23 03:09:32,1.75,40.06,77.18,80,48,13.13
337,Dingle,PH,2020-12-23 03:09:32,11.0,122.67,84.47,76,32,11.83
338,Chhuikhadan,IN,2020-12-23 03:09:32,21.53,80.98,63.32,36,37,2.8
339,Domoni,KM,2020-12-23 03:09:33,-12.26,44.53,78.3,79,4,8.32
340,Husavik,IS,2020-12-23 03:09:33,66.04,-17.34,19.4,79,75,6.93
341,Kabo,CF,2020-12-23 03:09:33,7.7,18.63,69.8,29,44,3.33
342,Caravelas,BR,2020-12-23 03:09:33,-17.71,-39.25,76.5,84,38,9.48
343,Tashtyp,RU,2020-12-23 03:09:34,52.79,89.9,9.55,92,100,9.66
344,Ust-Barguzin,RU,2020-12-23 03:09:34,53.45,108.98,14.02,86,100,5.99
345,Geraldton,AU,2020-12-23 03:09:34,-28.77,114.6,105.8,9,0,19.46
346,Isakly,RU,2020-12-23 03:09:34,54.13,51.53,15.19,96,100,6.55
347,Mount Gambier,AU,2020-12-23 03:05:40,-37.83,140.77,60.8,63,90,11.41
348,Padang,ID,2020-12-23 03:09:35,-0.95,100.35,85.87,63,26,2.3
349,Sao Joao Do Piaui,BR,2020-12-23 03:04:46,-8.36,-42.25,75.94,76,100,3.33
350,Asha,RU,2020-12-23 03:09:35,55.0,57.27,12.96,95,100,8.1
351,Vila Velha,BR,2020-12-23 03:09:34,-20.33,-40.29,78.8,83,75,4.7
352,Dawei,MM,2020-12-23 03:09:36,14.08,98.2,80.08,49,0,4.09
353,College,US,2020-12-23 03:08:10,64.86,-147.8,26.6,79,75,4.63
354,Polson,US,2020-12-23 03:06:49,47.69,-114.16,26.01,52,100,1.81
355,Pasighat,IN,2020-12-23 03:09:36,28.07,95.33,68.0,41,0,1.07
356,Saint-Pierre,RE,2020-12-23 03:09:36,-21.34,55.48,78.8,74,40,13.87
357,Bereda,ES,2020-12-23 03:09:37,43.27,-7.54,54.0,86,100,13.0
358,Waddan,LY,2020-12-23 03:09:37,29.16,16.14,56.28,64,100,6.53
359,Yuzhno-Sukhokumsk,RU,2020-12-23 03:09:37,44.66,45.64,34.7,89,100,19.44
360,Ohafia,NG,2020-12-23 03:09:38,5.62,7.83,73.85,95,0,2.35
361,Benin,BJ,2020-12-23 03:09:38,9.5,2.25,69.15,31,0,2.66
362,Plettenberg Bay,ZA,2020-12-23 03:09:38,-34.05,23.37,68.67,93,93,5.26
363,Ponta Do Sol,PT,2020-12-23 03:09:39,32.67,-17.1,62.6,72,40,6.93
364,Karonga,MW,2020-12-23 03:09:39,-9.93,33.93,73.4,80,45,4.05
365,Koumac,NC,2020-12-23 03:09:39,-20.57,164.28,82.36,66,35,7.65
366,Cherskiy,RU,2020-12-23 03:09:39,68.75,161.3,-29.83,84,100,3.27
367,Naron,ES,2020-12-23 03:09:39,43.52,-8.15,57.99,83,100,1.99
368,Zhangjiakou,CN,2020-12-23 03:09:40,40.81,114.88,22.87,70,0,18.41
369,Srandakan,ID,2020-12-23 03:09:40,-7.94,110.25,84.22,65,8,7.4
370,Uvinza,TZ,2020-12-23 03:09:41,-5.1,30.39,64.44,89,89,1.63
371,Ust-Ordynskiy,RU,2020-12-23 03:09:41,52.8,104.75,-9.4,83,0,4.47
372,Miranda,CO,2020-12-23 03:09:41,3.25,-76.23,65.34,73,85,4.92
373,Abnub,EG,2020-12-23 03:09:41,27.27,31.15,50.0,87,0,6.93
374,Ranfurly,NZ,2020-12-23 03:09:41,-45.13,170.1,66.99,65,100,1.99
375,Dicabisagan,PH,2020-12-23 03:09:42,17.08,122.42,78.57,85,88,7.38
376,Marsa Matruh,EG,2020-12-23 03:07:24,31.35,27.25,62.6,63,40,10.29
377,Fort Morgan,US,2020-12-23 03:09:42,40.25,-103.8,44.6,45,75,48.32
378,Kutahya,TR,2020-12-23 03:09:42,39.42,29.98,26.6,86,75,4.7
379,Sioux Lookout,CA,2020-12-23 03:09:43,50.1,-91.92,17.6,85,90,6.93
380,Lahaina,US,2020-12-23 03:09:43,20.88,-156.68,82.4,83,75,11.41
381,Damaturu,NG,2020-12-23 03:09:43,11.75,11.96,68.29,26,100,5.01
382,Pachino,IT,2020-12-23 03:09:43,36.72,15.09,50.0,100,0,3.36
383,Irbeyskoye,RU,2020-12-23 03:09:44,55.64,95.45,1.63,91,100,10.47
384,Jumla,NP,2020-12-23 03:09:44,29.27,82.18,48.61,35,97,3.27
385,Henties Bay,NA,2020-12-23 03:09:44,-22.12,14.28,66.0,88,0,1.01
386,Joigny,FR,2020-12-23 03:09:44,47.98,3.4,55.0,82,100,10.29
387,Maumere,ID,2020-12-23 03:09:44,-8.62,122.21,83.12,72,97,3.6
388,Mersing,MY,2020-12-23 03:09:45,2.43,103.84,82.4,83,20,5.82
389,Nandurbar,IN,2020-12-23 03:09:45,21.37,74.25,66.25,30,65,7.56
390,Kyra,RU,2020-12-23 03:09:45,49.58,111.98,7.75,77,48,8.86
391,Grajau,BR,2020-12-23 03:08:17,-5.82,-46.14,73.8,92,100,3.18
392,Kabalo,CD,2020-12-23 03:09:46,-6.05,26.92,69.28,96,100,3.22
393,Berlevag,NO,2020-12-23 03:09:46,70.86,29.09,31.68,95,100,15.77
394,Palmer,US,2020-12-23 03:09:46,42.16,-72.33,39.2,64,75,18.34
395,Nuuk,GL,2020-12-23 03:09:46,64.18,-51.72,28.4,92,100,11.41
396,Griffith,US,2020-12-23 03:04:59,41.53,-87.42,37.99,80,1,9.17
397,Santa Rosa,PH,2020-12-23 03:09:47,14.31,121.11,90.0,66,20,9.17
398,Lavrentiya,RU,2020-12-23 03:09:47,65.58,-171.0,22.86,97,100,14.97
399,Viru,PE,2020-12-23 03:09:47,-8.42,-78.75,72.63,68,100,3.44
400,Inhambane,MZ,2020-12-23 03:09:48,-23.86,35.38,75.6,85,99,8.08
401,Komsomolskiy,UZ,2020-12-23 03:09:48,40.43,71.72,32.0,95,90,2.73
402,Westport,US,2020-12-23 03:09:48,41.14,-73.36,41.0,52,1,11.41
403,Dubai,AE,2020-12-23 03:05:29,25.26,55.3,64.4,68,0,4.7
404,Prince Rupert,CA,2020-12-23 03:06:57,54.32,-130.32,39.2,69,90,9.17
405,Moyale,KE,2020-12-23 03:09:49,3.52,39.06,68.61,55,94,7.29
406,Mpongwe,ZM,2020-12-23 03:09:49,-13.51,28.16,63.01,96,2,3.04
407,Genhe,CN,2020-12-23 03:09:49,50.78,121.52,3.61,88,94,3.15
408,Nantucket,US,2020-12-23 03:09:49,41.28,-70.1,41.0,52,1,17.22
409,Aksha,RU,2020-12-23 03:09:50,50.28,113.29,9.43,80,4,12.26
410,Buguruslan,RU,2020-12-23 03:09:50,53.66,52.44,7.03,95,97,4.74
411,Port Blair,IN,2020-12-23 03:09:50,11.67,92.75,80.92,65,64,12.71
412,Sidi Ali,DZ,2020-12-23 03:09:50,36.1,0.42,52.3,58,0,6.73
413,Bathsheba,BB,2020-12-23 03:09:51,13.22,-59.52,80.6,69,40,21.92
414,Sambava,MG,2020-12-23 03:09:51,-14.27,50.17,76.17,80,3,8.43
415,Hambantota,LK,2020-12-23 03:09:51,6.12,81.12,75.2,100,40,4.7
416,Keflavik,IS,2020-12-23 03:09:51,64.0,-22.56,35.6,69,75,12.75
417,Tarbagatay,RU,2020-12-23 03:09:51,51.48,107.36,-9.4,76,20,4.21
418,Suntar,RU,2020-12-23 03:09:52,62.14,117.63,-21.01,87,100,1.86
419,Porto Nacional,BR,2020-12-23 03:09:52,-10.71,-48.42,78.8,74,75,9.17
420,Yuancheng,CN,2020-12-23 03:09:52,36.65,107.79,22.1,82,0,1.16
421,Requena,ES,2020-12-23 03:09:52,39.49,-1.1,48.0,93,0,3.42
422,Svetlyy,RU,2020-12-23 03:09:53,54.67,20.13,44.6,93,90,15.66
423,Waipawa,NZ,2020-12-23 03:09:53,-41.41,175.52,61.0,93,100,16.11
424,Adrar,MR,2020-12-23 03:09:53,20.5,-10.07,55.9,41,0,14.07
425,Zhigansk,RU,2020-12-23 03:09:53,66.77,123.37,-47.24,77,54,1.72
426,Santo Domingo,DO,2020-12-23 03:09:53,18.5,-69.99,77.0,94,20,3.36
427,Miri,MY,2020-12-23 03:09:54,4.41,114.01,78.8,94,40,5.68
428,Uribia,CO,2020-12-23 03:09:54,11.71,-72.27,78.98,77,6,15.26
429,Paso De Carrasco,UY,2020-12-23 03:09:54,-34.86,-56.05,68.0,72,0,6.93
430,Luanda,AO,2020-12-23 03:08:31,-8.84,13.23,77.0,83,40,5.82
431,Catuday,PH,2020-12-23 03:09:54,16.29,119.81,83.37,73,0,8.5
432,Cap Malheureux,MU,2020-12-23 03:09:55,-19.98,57.61,79.0,73,34,10.0
433,Dongsheng,CN,2020-12-23 03:09:55,39.82,109.98,16.41,74,0,22.62
434,Sao Filipe,CV,2020-12-23 03:09:55,14.9,-24.5,72.59,74,35,9.57
435,Alma,CA,2020-12-23 03:08:33,48.55,-71.65,19.4,72,90,16.11
436,Dunedin,NZ,2020-12-23 03:07:09,-45.87,170.5,64.0,73,100,1.99
437,Siocon,PH,2020-12-23 03:09:56,7.71,122.14,87.64,59,0,2.77
438,Oktyabrskoye,RU,2020-12-23 03:09:56,43.06,44.74,28.4,100,100,6.71
439,Ayan,RU,2020-12-23 03:09:56,56.45,138.17,-10.46,86,0,18.54
440,Gorontalo,ID,2020-12-23 03:09:56,0.54,123.06,87.6,67,97,3.94
441,Erzurum,TR,2020-12-23 03:09:29,40.0,41.5,24.8,100,90,2.66
442,Oshikango,NA,2020-12-23 03:09:57,-17.4,15.88,77.0,38,73,8.05
443,Deniliquin,AU,2020-12-23 03:09:57,-35.53,144.97,79.0,28,0,10.47
444,San Jose,US,2020-12-23 03:07:05,37.34,-121.89,53.6,46,1,8.05
445,Mazyr,BY,2020-12-23 03:09:58,52.05,29.25,28.11,98,100,17.13
446,Anloga,GH,2020-12-23 03:09:58,5.79,0.9,80.6,88,20,3.36
447,Kushima,JP,2020-12-23 03:09:58,31.46,131.23,55.4,50,75,3.36
448,Lagoa,PT,2020-12-23 03:09:58,39.05,-27.98,55.74,66,39,21.81
449,Newport,GB,2020-12-23 03:09:59,51.59,-3.0,51.01,98,73,7.31
450,Fengzhen,CN,2020-12-23 03:09:59,40.44,113.15,17.04,75,0,14.43
451,Swan River,CA,2020-12-23 03:09:59,52.11,-101.27,-2.2,84,100,16.11
452,Tongliao,CN,2020-12-23 03:09:59,43.61,122.27,22.96,90,0,15.73
453,Launceston,AU,2020-12-23 03:09:59,-41.45,147.17,72.0,49,90,5.82
454,Sao Joao Da Barra,BR,2020-12-23 03:10:00,-21.64,-41.05,74.28,94,100,9.91
455,Brae,GB,2020-12-23 03:10:00,60.4,-1.35,39.2,86,39,10.29
456,Plast,RU,2020-12-23 03:10:00,54.37,60.81,21.94,96,76,6.13
457,Tual,ID,2020-12-23 03:10:00,-5.67,132.75,83.8,75,100,9.91
458,Tanout,NE,2020-12-23 03:10:01,14.97,8.89,67.6,24,89,8.19
459,Huarmey,PE,2020-12-23 03:10:01,-10.07,-78.15,68.29,84,100,7.58
460,Santo Antonio Do Ica,BR,2020-12-23 03:10:01,-3.1,-67.94,75.49,89,100,1.43
461,Paamiut,GL,2020-12-23 03:07:43,61.99,-49.67,34.81,82,100,11.81
462,Sann,PK,2020-12-23 03:10:02,26.04,68.14,48.2,87,0,4.7
463,Ukiah,US,2020-12-23 03:10:02,39.15,-123.21,46.99,70,1,2.71
464,Losevo,RU,2020-12-23 03:10:02,50.68,40.05,6.44,94,0,4.09
465,Tagusao,PH,2020-12-23 03:10:02,9.19,117.81,85.77,67,100,5.1
466,Presidencia Roque Saenz Pena,AR,2020-12-23 03:10:03,-26.79,-60.44,67.71,48,0,6.55
467,Rorvik,NO,2020-12-23 03:10:03,64.86,11.24,37.4,92,100,14.32
468,Shalakusha,RU,2020-12-23 03:10:03,62.22,40.25,30.11,98,97,4.99
469,Tarakan,ID,2020-12-23 03:10:03,3.3,117.63,77.47,88,100,12.66
470,Ilulissat,GL,2020-12-23 03:10:04,69.22,-51.1,23.0,79,100,6.93
471,Chernyshevskiy,RU,2020-12-23 03:10:04,63.01,112.47,-25.2,88,100,2.1
472,Ciudad Bolivar,VE,2020-12-23 03:10:04,8.12,-63.55,77.05,83,81,10.36
473,Vinh,VN,2020-12-23 03:10:05,18.67,105.67,65.19,67,91,5.77
474,Celestun,MX,2020-12-23 03:10:05,20.87,-90.4,72.01,82,0,14.05
475,Kununurra,AU,2020-12-23 03:10:05,-15.77,128.73,86.0,70,40,9.17
476,Ancud,CL,2020-12-23 03:10:06,-41.87,-73.82,53.01,87,0,3.36
477,Mayo,US,2020-12-23 03:10:06,38.89,-76.51,41.0,80,1,8.05
478,Birao,CF,2020-12-23 03:10:07,10.28,22.79,68.11,35,0,2.57
479,Baykit,RU,2020-12-23 03:10:07,61.67,96.37,-14.6,84,99,2.35
480,Pierre,US,2020-12-23 03:10:07,44.37,-100.35,42.8,56,1,5.82
481,Eyl,SO,2020-12-23 03:10:08,7.98,49.82,73.17,70,31,19.71
482,Pisco,PE,2020-12-23 03:10:08,-13.7,-76.22,66.2,88,0,17.22
483,Marawi,PH,2020-12-23 03:10:08,8.0,124.29,82.99,82,5,4.0
484,Isla Mujeres,MX,2020-12-23 03:10:09,21.23,-86.73,75.99,73,20,6.93
485,Broome,US,2020-12-23 03:10:09,42.25,-75.83,30.99,68,90,14.99
486,Jishou,CN,2020-12-23 03:10:09,28.32,109.72,48.2,65,100,0.69
487,Richmond Hill,CA,2020-12-23 03:09:09,43.87,-79.44,34.0,68,89,5.01
488,Choix,MX,2020-12-23 03:10:10,26.71,-108.32,65.55,38,22,2.59
489,San Antonio,US,2020-12-23 03:09:31,29.42,-98.49,66.2,72,90,10.29
490,Hazorasp,UZ,2020-12-23 03:10:10,41.32,61.07,19.4,67,90,6.93
491,Tornio,FI,2020-12-23 03:10:11,65.85,24.15,35.6,100,90,9.17
492,Kodinsk,RU,2020-12-23 03:10:11,58.69,99.18,-0.69,90,100,5.1
493,Kalianget,ID,2020-12-23 03:10:11,-7.05,113.93,85.78,65,8,3.09
494,Kamenka,RU,2020-12-23 03:10:11,51.32,42.77,1.99,88,0,4.36
495,Longonjo,AO,2020-12-23 03:05:54,-12.91,15.25,61.32,90,88,1.79
496,Balaipungut,ID,2020-12-23 03:10:12,1.05,101.28,84.2,66,20,8.05
497,Pedernales,DO,2020-12-23 03:10:12,18.04,-71.74,76.71,65,0,2.89
498,Manzhouli,CN,2020-12-23 03:10:13,49.6,117.43,7.25,84,95,10.09
499,Londoko,RU,2020-12-23 03:10:13,49.03,131.98,12.38,86,100,1.54
500,Adeje,ES,2020-12-23 03:10:14,28.12,-16.73,68.0,32,0,6.93
501,Hirado,JP,2020-12-23 03:10:14,33.36,129.55,55.99,76,100,10.29
502,Talara,PE,2020-12-23 03:10:14,-4.58,-81.27,68.92,83,99,12.71
503,Coos Bay,US,2020-12-23 03:10:14,43.37,-124.22,42.8,100,1,4.7
504,Verkhniye Kigi,RU,2020-12-23 03:10:15,55.41,58.6,13.78,95,100,10.02
505,Comodoro Rivadavia,AR,2020-12-23 03:05:32,-45.87,-67.5,68.0,37,0,18.34
506,Progreso,MX,2020-12-23 03:10:15,21.28,-89.67,73.0,82,0,12.15
507,Nelson Bay,AU,2020-12-23 03:10:15,-32.72,152.15,75.99,47,40,21.92
508,Nioro,GM,2020-12-23 03:10:16,13.35,-15.75,68.32,25,88,3.8
509,Zhongxing,CN,2020-12-23 03:10:16,33.7,118.68,47.89,61,56,6.35
510,Moree,AU,2020-12-23 03:10:16,-29.47,149.85,75.2,38,100,12.75
511,Cabra,ES,2020-12-23 03:10:17,37.47,-4.44,48.0,83,44,2.84
512,Kidal,ML,2020-12-23 03:10:17,18.44,1.41,58.51,32,0,14.27
513,Ostrovnoy,RU,2020-12-23 03:10:17,68.05,39.51,30.31,98,97,1.88
514,Plymouth,US,2020-12-23 03:10:17,41.83,-70.83,39.0,59,1,6.93
515,La Orilla,MX,2020-12-23 03:10:18,17.98,-102.23,74.8,79,0,3.49
516,Luan,CH,2020-12-23 03:10:18,46.36,6.98,46.99,83,99,3.0
517,Ahipara,NZ,2020-12-23 03:10:18,-35.17,173.17,72.57,63,92,10.27
518,Itaguai,BR,2020-12-23 03:10:19,-22.85,-43.78,71.01,88,90,9.17
519,Terrace,CA,2020-12-23 03:10:19,54.52,-128.6,26.6,100,90,2.24
520,Salinopolis,BR,2020-12-23 03:10:19,-0.61,-47.36,78.96,80,62,8.08
521,Nishihara,JP,2020-12-23 03:10:19,26.18,127.76,71.6,60,75,18.34
522,Takoradi,GH,2020-12-23 03:10:20,4.88,-1.76,78.33,89,1,7.54
523,Digora,RU,2020-12-23 03:10:20,43.16,44.16,28.4,100,100,6.71
524,Starosubkhangulovo,RU,2020-12-23 03:10:20,53.1,57.44,9.3,93,99,2.66
525,Masvingo,ZW,2020-12-23 03:10:21,-20.06,30.83,69.44,82,49,4.63
526,Fairbanks,US,2020-12-23 03:08:47,64.84,-147.72,26.6,68,90,2.24
527,Bhavnagar,IN,2020-12-23 03:10:21,21.77,72.15,60.8,72,0,8.59
528,Ankpa,NG,2020-12-23 03:10:21,7.37,7.63,73.11,85,0,7.52
529,Wuwei,CN,2020-12-23 03:06:39,37.93,102.64,22.12,80,0,1.57
530,Jinchang,CN,2020-12-23 03:10:22,38.5,102.17,20.93,76,0,2.68
531,Cairns,AU,2020-12-23 03:10:22,-16.92,145.77,93.99,59,86,10.29
532,Tahta,EG,2020-12-23 03:10:22,26.77,31.5,50.0,87,0,4.7
533,Huanren,CN,2020-12-23 03:10:23,41.26,125.37,30.42,95,99,6.06
534,Ca Mau,VN,2020-12-23 03:05:33,9.18,105.15,67.59,95,100,10.31
535,Upington,ZA,2020-12-23 03:10:23,-28.45,21.26,64.4,68,0,11.41
536,Hamilton,US,2020-12-23 03:10:23,39.18,-84.53,37.0,74,1,6.93
537,Babu,CN,2020-12-23 03:10:24,24.42,111.52,59.7,52,89,4.76
538,Broken Hill,AU,2020-12-23 03:10:24,-31.95,141.43,71.6,37,96,9.17
539,Itacoatiara,BR,2020-12-23 03:10:24,-3.14,-58.44,77.86,83,40,1.61
540,Lahij,YE,2020-12-23 03:10:24,13.17,44.58,68.47,81,48,5.48
541,Mizdah,LY,2020-12-23 03:10:25,31.45,12.98,50.63,89,0,5.3
542,Sur,OM,2020-12-23 03:10:25,22.57,59.53,70.23,63,0,10.67
543,Yeppoon,AU,2020-12-23 03:10:25,-23.13,150.73,89.6,49,90,13.87
544,Port-Cartier,CA,2020-12-23 03:10:25,50.03,-66.87,28.4,63,96,12.75
545,Virtsu,EE,2020-12-23 03:10:26,58.57,23.51,33.01,88,100,10.0
546,Adre,TD,2020-12-23 03:10:26,13.47,22.2,60.24,31,11,8.68
547,Atasu,KZ,2020-12-23 03:10:26,48.68,71.64,-3.19,81,0,4.68
548,Muros,ES,2020-12-23 03:10:27,42.78,-9.06,55.99,92,100,7.0
549,Faya,SA,2020-12-23 03:10:27,18.39,42.45,51.8,87,0,1.43
550,Olinda,BR,2020-12-23 03:10:27,-8.01,-34.86,78.8,65,40,9.17
551,Aviles,ES,2020-12-23 03:10:27,43.55,-5.92,59.0,76,40,4.7
552,Lata,PT,2020-12-23 03:10:27,40.16,-8.33,52.0,93,0,5.82
553,Beloha,MG,2020-12-23 03:10:28,-25.17,45.05,76.32,69,15,8.21
554,Bay Roberts,CA,2020-12-23 03:10:28,47.6,-53.26,43.0,80,90,25.28
555,Toora-Khem,RU,2020-12-23 03:10:28,52.47,96.11,1.26,90,100,0.89
556,Vila Franca Do Campo,PT,2020-12-23 03:10:28,37.72,-25.43,53.6,81,40,13.87
557,Ugra,RU,2020-12-23 03:10:29,54.78,34.33,24.35,96,100,11.21
558,Maragogi,BR,2020-12-23 03:10:29,-9.01,-35.22,76.84,80,100,8.75
559,Bassila,BJ,2020-12-23 03:10:29,9.01,1.67,71.74,40,0,0.94
560,Porto Tolle,IT,2020-12-23 03:10:30,44.95,12.32,48.0,95,67,5.5
561,North Bend,US,2020-12-23 03:10:30,43.41,-124.22,44.01,100,1,4.7
562,Tadepallegudem,IN,2020-12-23 03:10:30,16.83,81.5,68.0,77,20,6.93
563,Kasongo,CD,2020-12-23 03:10:30,-4.45,26.67,67.26,99,100,1.52
564,Vao,NC,2020-12-23 03:10:30,-22.67,167.48,77.32,69,60,5.68
565,Vikevag,NO,2020-12-23 03:10:31,59.1,5.7,45.0,75,75,10.29
566,Oliva,ES,2020-12-23 03:10:31,38.92,-0.12,55.0,94,99,1.01
567,Khani,GE,2020-12-23 03:10:31,41.96,42.96,41.0,100,90,6.93
568,Caldwell,US,2020-12-23 03:10:31,43.66,-116.69,37.4,51,20,12.75
569,Goderich,CA,2020-12-23 03:10:32,43.75,-81.72,33.8,64,99,6.93
